IndicatorCode,Indicator,ValueType,ParentLocationCode,ParentLocation,Location type,SpatialDimValueCode,Location,Period type,Period,IsLatestYear,Dim1 type,Dim1,Dim1ValueCode,Dim2 type,Dim2,Dim2ValueCode,Dim3 type,Dim3,Dim3ValueCode,DataSourceDimValueCode,DataSource,FactValueNumericPrefix,FactValueNumeric,FactValueUoM,FactValueNumericLowPrefix,FactValueNumericLow,FactValueNumericHighPrefix,FactValueNumericHigh,Value,FactValueTranslationID,FactComments,Language,DateModified
UNICEF_PNCMOTHER,Women age 15-49 years who received a health check within 2 days after delivery of their most recent live birth in the last 2 years (%),numeric,AMR,Americas,Country,HTI,Haiti,Year,2016-2017,true,,,,,,,,,,,,,33.3,,,,,,33.3,,DHS (Prelim) 2016-2017,EN,2019-05-16T23:00:00.000Z
UNICEF_PNCMOTHER,Women age 15-49 years who received a health check within 2 days after delivery of their most recent live birth in the last 2 years (%),numeric,AFR,Africa,Country,NGA,Nigeria,Year,2016-2017,true,,,,,,,,,,,,,37.1,,,,,,37.1,,MICS 2016-2017,EN,2019-05-16T23:00:00.000Z
UNICEF_PNCMOTHER,Women age 15-49 years who received a health check within 2 days after delivery of their most recent live birth in the last 2 years (%),numeric,AFR,Africa,Country,BDI,Burundi,Year,2016-2017,true,,,,,,,,,,,,,51.1,,,,,,51.1,,DHS 2016-2017,EN,2019-05-16T23:00:00.000Z
UNICEF_PNCMOTHER,Women age 15-49 years who received a health check within 2 days after delivery of their most recent live birth in the last 2 years (%),numeric,AFR,Africa,Country,ETH,Ethiopia,Year,2016,true,,,,,,,,,,,,,16.5,,,,,,16.5,,DHS 2016,EN,2019-05-16T23:00:00.000Z
UNICEF_PNCMOTHER,Women age 15-49 years who received a health check within 2 days after delivery of their most recent live birth in the last 2 years (%),numeric,AFR,Africa,Country,UGA,Uganda,Year,2016,true,,,,,,,,,,,,,54.3,,,,,,54.3,,DHS 2016,EN,2019-05-16T23:00:00.000Z
UNICEF_PNCMOTHER,Women age 15-49 years who received a health check within 2 days after delivery of their most recent live birth in the last 2 years (%),numeric,SEAR,South-East Asia,Country,NPL,Nepal,Year,2016,true,,,,,,,,,,,,,56.7,,,,,,56.7,,DHS 2016,EN,2019-05-16T23:00:00.000Z
UNICEF_PNCMOTHER,Women age 15-49 years who received a health check within 2 days after delivery of their most recent live birth in the last 2 years (%),numeric,AFR,Africa,Country,GIN,Guinea,Year,2016,true,,,,,,,,,,,,,57.4,,,,,,57.4,,MICS 2016,EN,2019-05-16T23:00:00.000Z
UNICEF_PNCMOTHER,Women age 15-49 years who received a health check within 2 days after delivery of their most recent live birth in the last 2 years (%),numeric,AFR,Africa,Country,SEN,Senegal,Year,2016,true,,,,,,,,,,,,,75.3,,,,,,75.3,,DHS 2016,EN,2019-05-16T23:00:00.000Z
UNICEF_PNCMOTHER,Women age 15-49 years who received a health check within 2 days after delivery of their most recent live birth in the last 2 years (%),numeric,AFR,Africa,Country,LBR,Liberia,Year,2016,true,,,,,,,,,,,,,77.2,,,,,,77.2,,MIS 2016,EN,2019-05-16T23:00:00.000Z
UNICEF_PNCMOTHER,Women age 15-49 years who received a health check within 2 days after delivery of their most recent live birth in the last 2 years (%),numeric,AFR,Africa,Country,CIV,Côte d’Ivoire,Year,2016,true,,,,,,,,,,,,,80.3,,,,,,80.3,,MICS 2016,EN,2019-05-16T23:00:00.000Z
UNICEF_PNCMOTHER,Women age 15-49 years who received a health check within 2 days after delivery of their most recent live birth in the last 2 years (%),numeric,AFR,Africa,Country,ZAF,South Africa,Year,2016,true,,,,,,,,,,,,,83.6,,,,,,83.6,,DHS KIR 2016,EN,2019-05-16T23:00:00.000Z
UNICEF_PNCMOTHER,Women age 15-49 years who received a health check within 2 days after delivery of their most recent live birth in the last 2 years (%),numeric,AMR,Americas,Country,PRY,Paraguay,Year,2016,true,,,,,,,,,,,,,94.4,,,,,,94.4,,MICS 2016,EN,2019-05-16T23:00:00.000Z
UNICEF_PNCMOTHER,Women age 15-49 years who received a health check within 2 days after delivery of their most recent live birth in the last 2 years (%),numeric,AFR,Africa,Country,AGO,Angola,Year,2015-2016,true,,,,,,,,,,,,,23.3,,,,,,23.3,,DHS 2015-2016,EN,2019-05-16T23:00:00.000Z
UNICEF_PNCMOTHER,Women age 15-49 years who received a health check within 2 days after delivery of their most recent live birth in the last 2 years (%),numeric,AFR,Africa,Country,TZA,United Republic of Tanzania,Year,2015-2016,true,,,,,,,,,,,,,34.2,,,,,,34.2,,DHS MIS 2015-2016,EN,2019-05-16T23:00:00.000Z
UNICEF_PNCMOTHER,Women age 15-49 years who received a health check within 2 days after delivery of their most recent live birth in the last 2 years (%),numeric,AFR,Africa,Country,MWI,Malawi,Year,2015-2016,true,,,,,,,,,,,,,42.4,,,,,,42.4,,DHS 2015-2016,EN,2019-05-16T23:00:00.000Z
UNICEF_PNCMOTHER,Women age 15-49 years who received a health check within 2 days after delivery of their most recent live birth in the last 2 years (%),numeric,SEAR,South-East Asia,Country,IND,India,Year,2015-2016,true,,,,,,,,,,,,,62.4,,,,,,62.4,,Other NS 2016,EN,2019-05-16T23:00:00.000Z
UNICEF_PNCMOTHER,Women age 15-49 years who received a health check within 2 days after delivery of their most recent live birth in the last 2 years (%),numeric,SEAR,South-East Asia,Country,MMR,Myanmar,Year,2015-2016,true,,,,,,,,,,,,,71.2,,,,,,71.2,,DHS 2015-2016,EN,2019-05-16T23:00:00.000Z
UNICEF_PNCMOTHER,Women age 15-49 years who received a health check within 2 days after delivery of their most recent live birth in the last 2 years (%),numeric,AMR,Americas,Country,BLZ,Belize,Year,2015-2016,true,,,,,,,,,,,,,96.4,,,,,,96.4,,MICS 2015-2016,EN,2019-05-16T23:00:00.000Z
UNICEF_PNCMOTHER,Women age 15-49 years who received a health check within 2 days after delivery of their most recent live birth in the last 2 years (%),numeric,EUR,Europe,Country,ARM,Armenia,Year,2015-2016,true,,,,,,,,,,,,,97.4,,,,,,97.4,,DHS 2015-2016,EN,2019-05-16T23:00:00.000Z
UNICEF_PNCMOTHER,Women age 15-49 years who received a health check within 2 days after delivery of their most recent live birth in the last 2 years (%),numeric,EUR,Europe,Country,TKM,Turkmenistan,Year,2015-2016,true,,,,,,,,,,,,,99.8,,,,,,99.8,,MICS 2015-2016,EN,2019-05-16T23:00:00.000Z
UNICEF_PNCMOTHER,Women age 15-49 years who received a health check within 2 days after delivery of their most recent live birth in the last 2 years (%),numeric,AMR,Americas,Country,COL,Colombia,Year,2015,true,,,,,,,,,,,,,1.2,,,,,,1.2,,DHS 2015,EN,2019-05-16T23:00:00.000Z
UNICEF_PNCMOTHER,Women age 15-49 years who received a health check within 2 days after delivery of their most recent live birth in the last 2 years (%),numeric,EMR,Eastern Mediterranean,Country,AFG,Afghanistan,Year,2015,true,,,,,,,,,,,,,39.9,,,,,,39.9,,DHS 2015,EN,2019-05-16T23:00:00.000Z
UNICEF_PNCMOTHER,Women age 15-49 years who received a health check within 2 days after delivery of their most recent live birth in the last 2 years (%),numeric,AFR,Africa,Country,ZWE,Zimbabwe,Year,2015,true,,,,,,,,,,,,,56.6,,,,,,56.6,,DHS 2015,EN,2019-05-16T23:00:00.000Z
UNICEF_PNCMOTHER,Women age 15-49 years who received a health check within 2 days after delivery of their most recent live birth in the last 2 years (%),numeric,AFR,Africa,Country,MRT,Mauritania,Year,2015,true,,,,,,,,,,,,,57.3,,,,,,57.3,,MICS 2015,EN,2019-05-16T23:00:00.000Z
UNICEF_PNCMOTHER,Women age 15-49 years who received a health check within 2 days after delivery of their most recent live birth in the last 2 years (%),numeric,AFR,Africa,Country,MLI,Mali,Year,2015,true,,,,,,,,,,,,,58.1,,,,,,58.1,,MICS 2015,EN,2019-05-16T23:00:00.000Z
UNICEF_PNCMOTHER,Women age 15-49 years who received a health check within 2 days after delivery of their most recent live birth in the last 2 years (%),numeric,AMR,Americas,Country,PER,Peru,Year,2015,true,,,,,,,,,,,,,61.1,,,,,,61.1,,DHS 2015,EN,2019-05-16T23:00:00.000Z
UNICEF_PNCMOTHER,Women age 15-49 years who received a health check within 2 days after delivery of their most recent live birth in the last 2 years (%),numeric,WPR,Western Pacific,Country,SLB,Solomon Islands,Year,2015,true,,,,,,,,,,,,,68.5,,,,,,68.5,,DHS 2015,EN,2019-05-16T23:00:00.000Z
UNICEF_PNCMOTHER,Women age 15-49 years who received a health check within 2 days after delivery of their most recent live birth in the last 2 years (%),numeric,AFR,Africa,Country,BFA,Burkina Faso,Year,2015,true,,,,,,,,,,,,,74.1,,,,,,74.1,,Other NS 2015,EN,2019-05-16T23:00:00.000Z
UNICEF_PNCMOTHER,Women age 15-49 years who received a health check within 2 days after delivery of their most recent live birth in the last 2 years (%),numeric,AFR,Africa,Country,SEN,Senegal,Year,2015,false,,,,,,,,,,,,,74.1,,,,,,74.1,,DHS (Continuous) 2015,EN,2019-05-16T23:00:00.000Z
UNICEF_PNCMOTHER,Women age 15-49 years who received a health check within 2 days after delivery of their most recent live birth in the last 2 years (%),numeric,AMR,Americas,Country,MEX,Mexico,Year,2015,true,,,,,,,,,,,,,95.2,,,,,,95.2,,MICS 2015,EN,2019-05-16T23:00:00.000Z
UNICEF_PNCMOTHER,Women age 15-49 years who received a health check within 2 days after delivery of their most recent live birth in the last 2 years (%),numeric,EUR,Europe,Country,KAZ,Kazakhstan,Year,2015,true,,,,,,,,,,,,,97.5,,,,,,97.5,,MICS 2015,EN,2019-05-16T23:00:00.000Z
UNICEF_PNCMOTHER,Women age 15-49 years who received a health check within 2 days after delivery of their most recent live birth in the last 2 years (%),numeric,AFR,Africa,Country,TCD,Chad,Year,2014-2015,true,,,,,,,,,,,,,16,,,,,,16,,DHS 2014-2015,EN,2019-05-16T23:00:00.000Z
UNICEF_PNCMOTHER,Women age 15-49 years who received a health check within 2 days after delivery of their most recent live birth in the last 2 years (%),numeric,AFR,Africa,Country,RWA,Rwanda,Year,2014-2015,true,,,,,,,,,,,,,43,,,,,,43,,DHS 2014-2015,EN,2019-05-16T23:00:00.000Z
UNICEF_PNCMOTHER,Women age 15-49 years who received a health check within 2 days after delivery of their most recent live birth in the last 2 years (%),numeric,AMR,Americas,Country,GTM,Guatemala,Year,2014-2015,true,,,,,,,,,,,,,77.6,,,,,,77.6,,DHS 2014-2015,EN,2019-05-16T23:00:00.000Z
UNICEF_PNCMOTHER,Women age 15-49 years who received a health check within 2 days after delivery of their most recent live birth in the last 2 years (%),numeric,AFR,Africa,Country,COG,Congo,Year,2014-2015,true,,,,,,,,,,,,,79.9,,,,,,79.9,,MICS 2014-2015,EN,2019-05-16T23:00:00.000Z
UNICEF_PNCMOTHER,Women age 15-49 years who received a health check within 2 days after delivery of their most recent live birth in the last 2 years (%),numeric,AFR,Africa,Country,ETH,Ethiopia,Year,2014,false,,,,,,,,,,,,,13.2,,,,,,13.2,,Mini DHS 2014,EN,2019-05-16T23:00:00.000Z
UNICEF_PNCMOTHER,Women age 15-49 years who received a health check within 2 days after delivery of their most recent live birth in the last 2 years (%),numeric,EMR,Eastern Mediterranean,Country,SDN,Sudan,Year,2014,true,,,,,,,,,,,,,26.6,,,,,,26.6,,MICS 2014,EN,2019-05-16T23:00:00.000Z
UNICEF_PNCMOTHER,Women age 15-49 years who received a health check within 2 days after delivery of their most recent live birth in the last 2 years (%),numeric,SEAR,South-East Asia,Country,BGD,Bangladesh,Year,2014,true,,,,,,,,,,,,,36.4,,,,,,36.4,,DHS 2014,EN,2019-05-16T23:00:00.000Z
UNICEF_PNCMOTHER,Women age 15-49 years who received a health check within 2 days after delivery of their most recent live birth in the last 2 years (%),numeric,AFR,Africa,Country,GNB,Guinea-Bissau,Year,2014,true,,,,,,,,,,,,,48.4,,,,,,48.4,,MICS 2014,EN,2019-05-16T23:00:00.000Z
UNICEF_PNCMOTHER,Women age 15-49 years who received a health check within 2 days after delivery of their most recent live birth in the last 2 years (%),numeric,AFR,Africa,Country,KEN,Kenya,Year,2014,true,,,,,,,,,,,,,52.9,,,,,,52.9,,DHS 2014,EN,2019-05-16T23:00:00.000Z
UNICEF_PNCMOTHER,Women age 15-49 years who received a health check within 2 days after delivery of their most recent live birth in the last 2 years (%),numeric,SEAR,South-East Asia,Country,NPL,Nepal,Year,2014,false,,,,,,,,,,,,,57.9,,,,,,57.9,,MICS 2014,EN,2019-05-16T23:00:00.000Z
UNICEF_PNCMOTHER,Women age 15-49 years who received a health check within 2 days after delivery of their most recent live birth in the last 2 years (%),numeric,AFR,Africa,Country,LSO,Lesotho,Year,2014,true,,,,,,,,,,,,,62,,,,,,62,,DHS 2014,EN,2019-05-16T23:00:00.000Z
UNICEF_PNCMOTHER,Women age 15-49 years who received a health check within 2 days after delivery of their most recent live birth in the last 2 years (%),numeric,WPR,Western Pacific,Country,WSM,Samoa,Year,2014,true,,,,,,,,,,,,,63.4,,,,,,63.4,,DHS 2014,EN,2019-05-16T23:00:00.000Z
UNICEF_PNCMOTHER,Women age 15-49 years who received a health check within 2 days after delivery of their most recent live birth in the last 2 years (%),numeric,AFR,Africa,Country,CMR,Cameroon,Year,2014,true,,,,,,,,,,,,,65,,,,,,65,,MICS 2014,EN,2019-05-16T23:00:00.000Z
UNICEF_PNCMOTHER,Women age 15-49 years who received a health check within 2 days after delivery of their most recent live birth in the last 2 years (%),numeric,AFR,Africa,Country,ZAF,South Africa,Year,2014,false,,,,,,,,,,,,,74.3,,,,,,74.3,,Other NS 2017,EN,2019-05-16T23:00:00.000Z
UNICEF_PNCMOTHER,Women age 15-49 years who received a health check within 2 days after delivery of their most recent live birth in the last 2 years (%),numeric,AFR,Africa,Country,ZWE,Zimbabwe,Year,2014,false,,,,,,,,,,,,,77.31,,,,,,77.31,,MICS 2014,EN,2019-05-16T23:00:00.000Z
UNICEF_PNCMOTHER,Women age 15-49 years who received a health check within 2 days after delivery of their most recent live birth in the last 2 years (%),numeric,AFR,Africa,Country,BEN,Benin,Year,2014,true,,,,,,,,,,,,,78.2,,,,,,78.2,,MICS 2014,EN,2019-05-16T23:00:00.000Z
UNICEF_PNCMOTHER,Women age 15-49 years who received a health check within 2 days after delivery of their most recent live birth in the last 2 years (%),numeric,AFR,Africa,Country,GHA,Ghana,Year,2014,true,,,,,,,,,,,,,81.1,,,,,,81.1,,DHS 2014,EN,2019-05-16T23:00:00.000Z
UNICEF_PNCMOTHER,Women age 15-49 years who received a health check within 2 days after delivery of their most recent live birth in the last 2 years (%),numeric,EMR,Eastern Mediterranean,Country,EGY,Egypt,Year,2014,true,,,,,,,,,,,,,81.53,,,,,,81.53,,DHS 2014,EN,2019-05-16T23:00:00.000Z
UNICEF_PNCMOTHER,Women age 15-49 years who received a health check within 2 days after delivery of their most recent live birth in the last 2 years (%),numeric,AFR,Africa,Country,STP,Sao Tome and Principe,Year,2014,true,,,,,,,,,,,,,86.8,,,,,,86.8,,MICS 2014,EN,2019-05-16T23:00:00.000Z
UNICEF_PNCMOTHER,Women age 15-49 years who received a health check within 2 days after delivery of their most recent live birth in the last 2 years (%),numeric,AFR,Africa,Country,SWZ,Eswatini,Year,2014,true,,,,,,,,,,,,,87.5,,,,,,87.5,,MICS 2014,EN,2019-05-16T23:00:00.000Z
UNICEF_PNCMOTHER,Women age 15-49 years who received a health check within 2 days after delivery of their most recent live birth in the last 2 years (%),numeric,WPR,Western Pacific,Country,VNM,Viet Nam,Year,2014,true,,,,,,,,,,,,,89.8,,,,,,89.8,,MICS 2014,EN,2019-05-16T23:00:00.000Z
UNICEF_PNCMOTHER,Women age 15-49 years who received a health check within 2 days after delivery of their most recent live birth in the last 2 years (%),numeric,WPR,Western Pacific,Country,KHM,Cambodia,Year,2014,true,,,,,,,,,,,,,90.3,,,,,,90.3,,DHS 2014,EN,2019-05-16T23:00:00.000Z
UNICEF_PNCMOTHER,Women age 15-49 years who received a health check within 2 days after delivery of their most recent live birth in the last 2 years (%),numeric,AMR,Americas,Country,GUY,Guyana,Year,2014,true,,,,,,,,,,,,,93,,,,,,93,,MICS 2014,EN,2019-05-16T23:00:00.000Z
UNICEF_PNCMOTHER,Women age 15-49 years who received a health check within 2 days after delivery of their most recent live birth in the last 2 years (%),numeric,AMR,Americas,Country,PER,Peru,Year,2014,false,,,,,,,,,,,,,93,,,,,,93,,DHS 2014,EN,2019-05-16T23:00:00.000Z
UNICEF_PNCMOTHER,Women age 15-49 years who received a health check within 2 days after delivery of their most recent live birth in the last 2 years (%),numeric,AMR,Americas,Country,SLV,El Salvador,Year,2014,true,,,,,,,,,,,,,93.6,,,,,,93.6,,MICS 2014,EN,2019-05-16T23:00:00.000Z
UNICEF_PNCMOTHER,Women age 15-49 years who received a health check within 2 days after delivery of their most recent live birth in the last 2 years (%),numeric,AMR,Americas,Country,DOM,Dominican Republic,Year,2014,true,,,,,,,,,,,,,94.5,,,,,,94.5,,MICS 2014,EN,2019-05-16T23:00:00.000Z
UNICEF_PNCMOTHER,Women age 15-49 years who received a health check within 2 days after delivery of their most recent live birth in the last 2 years (%),numeric,EMR,Eastern Mediterranean,Country,OMN,Oman,Year,2014,true,,,,,,,,,,,,,94.9,,,,,,94.9,,MICS 2014,EN,2019-05-16T23:00:00.000Z
UNICEF_PNCMOTHER,Women age 15-49 years who received a health check within 2 days after delivery of their most recent live birth in the last 2 years (%),numeric,EUR,Europe,Country,KGZ,Kyrgyzstan,Year,2014,true,,,,,,,,,,,,,97.8,,,,,,97.8,,MICS 2014,EN,2019-05-16T23:00:00.000Z
UNICEF_PNCMOTHER,Women age 15-49 years who received a health check within 2 days after delivery of their most recent live birth in the last 2 years (%),numeric,AMR,Americas,Country,CUB,Cuba,Year,2014,true,,,,,,,,,,,,,99.2,,,,,,99.2,,MICS 2014,EN,2019-05-16T23:00:00.000Z
UNICEF_PNCMOTHER,Women age 15-49 years who received a health check within 2 days after delivery of their most recent live birth in the last 2 years (%),numeric,SEAR,South-East Asia,Country,IND,India,Year,2013-2014,false,,,,,,,,,,,,,39.2,,,,,,39.2,,RSOC 2013-2014,EN,2019-05-16T23:00:00.000Z
UNICEF_PNCMOTHER,Women age 15-49 years who received a health check within 2 days after delivery of their most recent live birth in the last 2 years (%),numeric,AFR,Africa,Country,COD,Democratic Republic of the Congo,Year,2013-2014,true,,,,,,,,,,,,,43.8,,,,,,43.8,,DHS 2013-2014,EN,2019-05-16T23:00:00.000Z
UNICEF_PNCMOTHER,Women age 15-49 years who received a health check within 2 days after delivery of their most recent live birth in the last 2 years (%),numeric,AFR,Africa,Country,ZMB,Zambia,Year,2013-2014,true,,,,,,,,,,,,,63.4,,,,,,63.4,,DHS 2013-2014,EN,2019-05-16T23:00:00.000Z
UNICEF_PNCMOTHER,Women age 15-49 years who received a health check within 2 days after delivery of their most recent live birth in the last 2 years (%),numeric,AFR,Africa,Country,TGO,Togo,Year,2013-2014,true,,,,,,,,,,,,,70.8,,,,,,70.8,,DHS 2013-2014,EN,2019-05-16T23:00:00.000Z
UNICEF_PNCMOTHER,Women age 15-49 years who received a health check within 2 days after delivery of their most recent live birth in the last 2 years (%),numeric,EMR,Eastern Mediterranean,Country,YEM,Yemen,Year,2013,true,,,,,,,,,,,,,19.9,,,,,,19.9,,DHS 2013,EN,2019-05-16T23:00:00.000Z
UNICEF_PNCMOTHER,Women age 15-49 years who received a health check within 2 days after delivery of their most recent live birth in the last 2 years (%),numeric,AFR,Africa,Country,NGA,Nigeria,Year,2013,false,,,,,,,,,,,,,39.66,,,,,,39.66,,DHS 2013,EN,2019-05-16T23:00:00.000Z
UNICEF_PNCMOTHER,Women age 15-49 years who received a health check within 2 days after delivery of their most recent live birth in the last 2 years (%),numeric,SEAR,South-East Asia,Country,BGD,Bangladesh,Year,2013,false,,,,,,,,,,,,,40.4,,,,,,40.4,,MICS 2013,EN,2019-05-16T23:00:00.000Z
UNICEF_PNCMOTHER,Women age 15-49 years who received a health check within 2 days after delivery of their most recent live birth in the last 2 years (%),numeric,AFR,Africa,Country,COD,Democratic Republic of the Congo,Year,2013,false,,,,,,,,,,,,,44.19,,,,,,44.19,,DHS 2013,EN,2019-05-16T23:00:00.000Z
UNICEF_PNCMOTHER,Women age 15-49 years who received a health check within 2 days after delivery of their most recent live birth in the last 2 years (%),numeric,AFR,Africa,Country,SEN,Senegal,Year,2013,false,,,,,,,,,,,,,66.6,,,,,,66.6,,DHS 2013,EN,2019-05-16T23:00:00.000Z
UNICEF_PNCMOTHER,Women age 15-49 years who received a health check within 2 days after delivery of their most recent live birth in the last 2 years (%),numeric,AFR,Africa,Country,NAM,Namibia,Year,2013,true,,,,,,,,,,,,,68.95,,,,,,68.95,,DHS (Reanalyzed) 2013-2014,EN,2019-05-16T23:00:00.000Z
UNICEF_PNCMOTHER,Women age 15-49 years who received a health check within 2 days after delivery of their most recent live birth in the last 2 years (%),numeric,AFR,Africa,Country,LBR,Liberia,Year,2013,false,,,,,,,,,,,,,70.83,,,,,,70.83,,DHS 2013,EN,2019-05-16T23:00:00.000Z
UNICEF_PNCMOTHER,Women age 15-49 years who received a health check within 2 days after delivery of their most recent live birth in the last 2 years (%),numeric,WPR,Western Pacific,Country,PHL,Philippines,Year,2013,true,,,,,,,,,,,,,71.96,,,,,,71.96,,DHS 2013,EN,2019-05-16T23:00:00.000Z
UNICEF_PNCMOTHER,Women age 15-49 years who received a health check within 2 days after delivery of their most recent live birth in the last 2 years (%),numeric,AFR,Africa,Country,SLE,Sierra Leone,Year,2013,true,,,,,,,,,,,,,73.15,,,,,,73.15,,DHS 2013,EN,2019-05-16T23:00:00.000Z
UNICEF_PNCMOTHER,Women age 15-49 years who received a health check within 2 days after delivery of their most recent live birth in the last 2 years (%),numeric,AFR,Africa,Country,MWI,Malawi,Year,2013,false,,,,,,,,,,,,,75.1,,,,,,75.1,,MICS 2013,EN,2019-05-16T23:00:00.000Z
UNICEF_PNCMOTHER,Women age 15-49 years who received a health check within 2 days after delivery of their most recent live birth in the last 2 years (%),numeric,AFR,Africa,Country,GMB,Gambia,Year,2013,true,,,,,,,,,,,,,75.6,,,,,,75.6,,DHS 2013,EN,2019-05-16T23:00:00.000Z
UNICEF_PNCMOTHER,Women age 15-49 years who received a health check within 2 days after delivery of their most recent live birth in the last 2 years (%),numeric,AMR,Americas,Country,DOM,Dominican Republic,Year,2013,false,,,,,,,,,,,,,84.2,,,,,,84.2,,DHS 2013,EN,2019-05-16T23:00:00.000Z
UNICEF_PNCMOTHER,Women age 15-49 years who received a health check within 2 days after delivery of their most recent live birth in the last 2 years (%),numeric,EUR,Europe,Country,TUR,Türkiye,Year,2013,true,,,,,,,,,,,,,87.7,,,,,,87.7,,DHS 2013,EN,2019-05-16T23:00:00.000Z
UNICEF_PNCMOTHER,Women age 15-49 years who received a health check within 2 days after delivery of their most recent live birth in the last 2 years (%),numeric,AMR,Americas,Country,PAN,Panama,Year,2013,true,,,,,,,,,,,,,91.8,,,,,,91.8,,MICS 2013,EN,2019-05-16T23:00:00.000Z
UNICEF_PNCMOTHER,Women age 15-49 years who received a health check within 2 days after delivery of their most recent live birth in the last 2 years (%),numeric,EUR,Europe,Country,MNE,Montenegro,Year,2013,true,,,,,,,,,,,,,94.94,,,,,,94.94,,MICS 2013,EN,2019-05-16T23:00:00.000Z
UNICEF_PNCMOTHER,Women age 15-49 years who received a health check within 2 days after delivery of their most recent live birth in the last 2 years (%),numeric,WPR,Western Pacific,Country,MNG,Mongolia,Year,2013,true,,,,,,,,,,,,,95.4,,,,,,95.4,,MICS 2013-2014,EN,2019-05-16T23:00:00.000Z
UNICEF_PNCMOTHER,Women age 15-49 years who received a health check within 2 days after delivery of their most recent live birth in the last 2 years (%),numeric,AFR,Africa,Country,MLI,Mali,Year,2012-2013,false,,,,,,,,,,,,,39.9,,,,,,39.9,,DHS 2012-2013,EN,2019-05-16T23:00:00.000Z
UNICEF_PNCMOTHER,Women age 15-49 years who received a health check within 2 days after delivery of their most recent live birth in the last 2 years (%),numeric,EMR,Eastern Mediterranean,Country,PAK,Pakistan,Year,2012-2013,true,,,,,,,,,,,,,60.38,,,,,,60.38,,DHS 2012-2013,EN,2019-05-16T23:00:00.000Z
UNICEF_PNCMOTHER,Women age 15-49 years who received a health check within 2 days after delivery of their most recent live birth in the last 2 years (%),numeric,AMR,Americas,Country,HTI,Haiti,Year,2012,false,,,,,,,,,,,,,32.09,,,,,,32.09,,DHS 2012,EN,2019-05-16T23:00:00.000Z
UNICEF_PNCMOTHER,Women age 15-49 years who received a health check within 2 days after delivery of their most recent live birth in the last 2 years (%),numeric,AFR,Africa,Country,NER,Niger,Year,2012,true,,,,,,,,,,,,,36.9,,,,,,36.9,,DHS 2012,EN,2019-05-16T23:00:00.000Z
UNICEF_PNCMOTHER,Women age 15-49 years who received a health check within 2 days after delivery of their most recent live birth in the last 2 years (%),numeric,AFR,Africa,Country,GIN,Guinea,Year,2012,false,,,,,,,,,,,,,37.07,,,,,,37.07,,DHS 2012,EN,2019-05-16T23:00:00.000Z
UNICEF_PNCMOTHER,Women age 15-49 years who received a health check within 2 days after delivery of their most recent live birth in the last 2 years (%),numeric,AFR,Africa,Country,BDI,Burundi,Year,2012,false,,,,,,,,,,,,,39.9,,,,,,39.9,,Other NS 2012,EN,2019-05-16T23:00:00.000Z
UNICEF_PNCMOTHER,Women age 15-49 years who received a health check within 2 days after delivery of their most recent live birth in the last 2 years (%),numeric,AFR,Africa,Country,MLI,Mali,Year,2012,false,,,,,,,,,,,,,39.99,,,,,,39.99,,DHS 2012,EN,2019-05-16T23:00:00.000Z
UNICEF_PNCMOTHER,Women age 15-49 years who received a health check within 2 days after delivery of their most recent live birth in the last 2 years (%),numeric,AFR,Africa,Country,COM,Comoros,Year,2012,true,,,,,,,,,,,,,49.04,,,,,,49.04,,DHS 2012,EN,2019-05-16T23:00:00.000Z
UNICEF_PNCMOTHER,Women age 15-49 years who received a health check within 2 days after delivery of their most recent live birth in the last 2 years (%),numeric,AFR,Africa,Country,BEN,Benin,Year,2012,false,,,,,,,,,,,,,51,,,,,,51,,DHS 2012,EN,2019-05-16T23:00:00.000Z
UNICEF_PNCMOTHER,Women age 15-49 years who received a health check within 2 days after delivery of their most recent live birth in the last 2 years (%),numeric,AFR,Africa,Country,GAB,Gabon,Year,2012,true,,,,,,,,,,,,,59.64,,,,,,59.64,,DHS 2012,EN,2019-05-16T23:00:00.000Z
UNICEF_PNCMOTHER,Women age 15-49 years who received a health check within 2 days after delivery of their most recent live birth in the last 2 years (%),numeric,AFR,Africa,Country,COG,Congo,Year,2012,false,,,,,,,,,,,,,63.8,,,,,,63.8,,DHS 2012,EN,2019-05-16T23:00:00.000Z
UNICEF_PNCMOTHER,Women age 15-49 years who received a health check within 2 days after delivery of their most recent live birth in the last 2 years (%),numeric,SEAR,South-East Asia,Country,IDN,Indonesia,Year,2012,true,,,,,,,,,,,,,80.43,,,,,,80.43,,DHS 2012,EN,2019-05-16T23:00:00.000Z
UNICEF_PNCMOTHER,Women age 15-49 years who received a health check within 2 days after delivery of their most recent live birth in the last 2 years (%),numeric,EUR,Europe,Country,TJK,Tajikistan,Year,2012,true,,,,,,,,,,,,,80.48,,,,,,80.48,,DHS 2012,EN,2019-05-16T23:00:00.000Z
UNICEF_PNCMOTHER,Women age 15-49 years who received a health check within 2 days after delivery of their most recent live birth in the last 2 years (%),numeric,EMR,Eastern Mediterranean,Country,JOR,Jordan,Year,2012,true,,,,,,,,,,,,,82.01,,,,,,82.01,,DHS 2012,EN,2019-05-16T23:00:00.000Z
UNICEF_PNCMOTHER,Women age 15-49 years who received a health check within 2 days after delivery of their most recent live birth in the last 2 years (%),numeric,AMR,Americas,Country,LCA,Saint Lucia,Year,2012,true,,,,,,,,,,,,,90.2,,,,,,90.2,,MICS 2012,EN,2019-05-16T23:00:00.000Z
UNICEF_PNCMOTHER,Women age 15-49 years who received a health check within 2 days after delivery of their most recent live birth in the last 2 years (%),numeric,AMR,Americas,Country,PER,Peru,Year,2012,false,,,,,,,,,,,,,93.1,,,,,,93.1,,DHS 2012,EN,2019-05-16T23:00:00.000Z
UNICEF_PNCMOTHER,Women age 15-49 years who received a health check within 2 days after delivery of their most recent live birth in the last 2 years (%),numeric,EUR,Europe,Country,UKR,Ukraine,Year,2012,true,,,,,,,,,,,,,95.62,,,,,,95.62,,MICS 2012,EN,2019-05-16T23:00:00.000Z
UNICEF_PNCMOTHER,Women age 15-49 years who received a health check within 2 days after delivery of their most recent live birth in the last 2 years (%),numeric,EUR,Europe,Country,KGZ,Kyrgyzstan,Year,2012,false,,,,,,,,,,,,,95.92,,,,,,95.92,,DHS 2012,EN,2019-05-16T23:00:00.000Z
UNICEF_PNCMOTHER,Women age 15-49 years who received a health check within 2 days after delivery of their most recent live birth in the last 2 years (%),numeric,AMR,Americas,Country,BRB,Barbados,Year,2012,true,,,,,,,,,,,,,96.9,,,,,,96.9,,MICS 2012,EN,2019-05-16T23:00:00.000Z
UNICEF_PNCMOTHER,Women age 15-49 years who received a health check within 2 days after delivery of their most recent live birth in the last 2 years (%),numeric,EUR,Europe,Country,BLR,Belarus,Year,2012,true,,,,,,,,,,,,,99.72,,,,,,99.72,,MICS 2012,EN,2019-05-16T23:00:00.000Z
UNICEF_PNCMOTHER,Women age 15-49 years who received a health check within 2 days after delivery of their most recent live birth in the last 2 years (%),numeric,WPR,Western Pacific,Country,LAO,Lao People's Democratic Republic,Year,2011-2012,true,,,,,,,,,,,,,39.48,,,,,,39.48,,DHS-LSIS-MICS 2011-2012,EN,2019-05-16T23:00:00.000Z
UNICEF_PNCMOTHER,Women age 15-49 years who received a health check within 2 days after delivery of their most recent live birth in the last 2 years (%),numeric,AFR,Africa,Country,CIV,Côte d’Ivoire,Year,2011-2012,false,,,,,,,,,,,,,70.4,,,,,,70.4,,DHS 2011-2012,EN,2019-05-16T23:00:00.000Z
UNICEF_PNCMOTHER,Women age 15-49 years who received a health check within 2 days after delivery of their most recent live birth in the last 2 years (%),numeric,AMR,Americas,Country,HND,Honduras,Year,2011-2012,true,,,,,,,,,,,,,84.7,,,,,,84.7,,DHS 2012,EN,2019-05-16T23:00:00.000Z
UNICEF_PNCMOTHER,Women age 15-49 years who received a health check within 2 days after delivery of their most recent live birth in the last 2 years (%),numeric,EMR,Eastern Mediterranean,Country,TUN,Tunisia,Year,2011-2012,true,,,,,,,,,,,,,91.53,,,,,,91.53,,MICS 2011-2012,EN,2019-05-16T23:00:00.000Z
UNICEF_PNCMOTHER,Women age 15-49 years who received a health check within 2 days after delivery of their most recent live birth in the last 2 years (%),numeric,SEAR,South-East Asia,Country,BGD,Bangladesh,Year,2011,false,,,,,,,,,,,,,27.2,,,,,,27.2,,DHS 2011,EN,2019-05-16T23:00:00.000Z
UNICEF_PNCMOTHER,Women age 15-49 years who received a health check within 2 days after delivery of their most recent live birth in the last 2 years (%),numeric,AFR,Africa,Country,UGA,Uganda,Year,2011,false,,,,,,,,,,,,,33.17,,,,,,33.17,,DHS 2011,EN,2019-05-16T23:00:00.000Z
UNICEF_PNCMOTHER,Women age 15-49 years who received a health check within 2 days after delivery of their most recent live birth in the last 2 years (%),numeric,AFR,Africa,Country,CMR,Cameroon,Year,2011,false,,,,,,,,,,,,,37.25,,,,,,37.25,,DHS 2011,EN,2019-05-16T23:00:00.000Z
UNICEF_PNCMOTHER,Women age 15-49 years who received a health check within 2 days after delivery of their most recent live birth in the last 2 years (%),numeric,SEAR,South-East Asia,Country,NPL,Nepal,Year,2011,false,,,,,,,,,,,,,44.6,,,,,,44.6,,DHS 2011,EN,2019-05-16T23:00:00.000Z
UNICEF_PNCMOTHER,Women age 15-49 years who received a health check within 2 days after delivery of their most recent live birth in the last 2 years (%),numeric,AFR,Africa,Country,ETH,Ethiopia,Year,2011,false,,,,,,,,,,,,,6.69,,,,,,6.69,,DHS 2011,EN,2019-05-16T23:00:00.000Z
UNICEF_PNCMOTHER,Women age 15-49 years who received a health check within 2 days after delivery of their most recent live birth in the last 2 years (%),numeric,AFR,Africa,Country,GHA,Ghana,Year,2011,false,,,,,,,,,,,,,82.51,,,,,,82.51,,MICS 2011,EN,2019-05-16T23:00:00.000Z
UNICEF_PNCMOTHER,Women age 15-49 years who received a health check within 2 days after delivery of their most recent live birth in the last 2 years (%),numeric,EUR,Europe,Country,AZE,Azerbaijan,Year,2011,true,,,,,,,,,,,,,83.3,,,,,,83.3,,DHS 2011,EN,2019-05-16T23:00:00.000Z
UNICEF_PNCMOTHER,Women age 15-49 years who received a health check within 2 days after delivery of their most recent live birth in the last 2 years (%),numeric,AMR,Americas,Country,HND,Honduras,Year,2011,false,,,,,,,,,,,,,84.94,,,,,,84.94,,DHS 2011,EN,2019-05-16T23:00:00.000Z
UNICEF_PNCMOTHER,Women age 15-49 years who received a health check within 2 days after delivery of their most recent live birth in the last 2 years (%),numeric,AFR,Africa,Country,MRT,Mauritania,Year,2011,false,,,,,,,,,,,,,9.1,,,,,,9.1,,MICS 2011,EN,2019-05-16T23:00:00.000Z
UNICEF_PNCMOTHER,Women age 15-49 years who received a health check within 2 days after delivery of their most recent live birth in the last 2 years (%),numeric,AMR,Americas,Country,TTO,Trinidad and Tobago,Year,2011,true,,,,,,,,,,,,,92,,,,,,92,,MICS 2011,EN,2019-05-16T23:00:00.000Z
UNICEF_PNCMOTHER,Women age 15-49 years who received a health check within 2 days after delivery of their most recent live birth in the last 2 years (%),numeric,AMR,Americas,Country,BLZ,Belize,Year,2011,false,,,,,,,,,,,,,94.76,,,,,,94.76,,MICS 2011,EN,2019-05-16T23:00:00.000Z
UNICEF_PNCMOTHER,Women age 15-49 years who received a health check within 2 days after delivery of their most recent live birth in the last 2 years (%),numeric,AFR,Africa,Country,ZWE,Zimbabwe,Year,2010-2011,false,,,,,,,,,,,,,27.7,,,,,,27.7,,DHS 2010-2011,EN,2019-05-16T23:00:00.000Z
UNICEF_PNCMOTHER,Women age 15-49 years who received a health check within 2 days after delivery of their most recent live birth in the last 2 years (%),numeric,AFR,Africa,Country,RWA,Rwanda,Year,2010,false,,,,,,,,,,,,,17.57,,,,,,17.57,,DHS 2010,EN,2019-05-16T23:00:00.000Z
UNICEF_PNCMOTHER,Women age 15-49 years who received a health check within 2 days after delivery of their most recent live birth in the last 2 years (%),numeric,EMR,Eastern Mediterranean,Country,AFG,Afghanistan,Year,2010,false,,,,,,,,,,,,,23.4,,,,,,23.4,,DHS 2010,EN,2019-05-16T23:00:00.000Z
UNICEF_PNCMOTHER,Women age 15-49 years who received a health check within 2 days after delivery of their most recent live birth in the last 2 years (%),numeric,AFR,Africa,Country,ZWE,Zimbabwe,Year,2010,false,,,,,,,,,,,,,27.72,,,,,,27.72,,DHS 2010,EN,2019-05-16T23:00:00.000Z
UNICEF_PNCMOTHER,Women age 15-49 years who received a health check within 2 days after delivery of their most recent live birth in the last 2 years (%),numeric,AFR,Africa,Country,BDI,Burundi,Year,2010,false,,,,,,,,,,,,,29.9,,,,,,29.9,,DHS 2010,EN,2019-05-16T23:00:00.000Z
UNICEF_PNCMOTHER,Women age 15-49 years who received a health check within 2 days after delivery of their most recent live birth in the last 2 years (%),numeric,AMR,Americas,Country,COL,Colombia,Year,2010,false,,,,,,,,,,,,,3.3,,,,,,3.3,,DHS 2010,EN,2019-05-16T23:00:00.000Z
UNICEF_PNCMOTHER,Women age 15-49 years who received a health check within 2 days after delivery of their most recent live birth in the last 2 years (%),numeric,AFR,Africa,Country,TZA,United Republic of Tanzania,Year,2010,false,,,,,,,,,,,,,30.8,,,,,,30.8,,DHS 2010,EN,2019-05-16T23:00:00.000Z
UNICEF_PNCMOTHER,Women age 15-49 years who received a health check within 2 days after delivery of their most recent live birth in the last 2 years (%),numeric,SEAR,South-East Asia,Country,BTN,Bhutan,Year,2010,true,,,,,,,,,,,,,41.24,,,,,,41.24,,MICS 2010,EN,2019-05-16T23:00:00.000Z
UNICEF_PNCMOTHER,Women age 15-49 years who received a health check within 2 days after delivery of their most recent live birth in the last 2 years (%),numeric,AFR,Africa,Country,MWI,Malawi,Year,2010,false,,,,,,,,,,,,,43.12,,,,,,43.12,,DHS 2010,EN,2019-05-16T23:00:00.000Z
UNICEF_PNCMOTHER,Women age 15-49 years who received a health check within 2 days after delivery of their most recent live birth in the last 2 years (%),numeric,AFR,Africa,Country,ERI,Eritrea,Year,2010,true,,,,,,,,,,,,,5,,,,,,5,,Other NS 2010,EN,2019-05-16T23:00:00.000Z
UNICEF_PNCMOTHER,Women age 15-49 years who received a health check within 2 days after delivery of their most recent live birth in the last 2 years (%),numeric,AFR,Africa,Country,SEN,Senegal,Year,2010,false,,,,,,,,,,,,,68.72,,,,,,68.72,,DHS 2010,EN,2019-05-16T23:00:00.000Z
UNICEF_PNCMOTHER,Women age 15-49 years who received a health check within 2 days after delivery of their most recent live birth in the last 2 years (%),numeric,WPR,Western Pacific,Country,KHM,Cambodia,Year,2010,false,,,,,,,,,,,,,70.4,,,,,,70.4,,DHS 2010,EN,2019-05-16T23:00:00.000Z
UNICEF_PNCMOTHER,Women age 15-49 years who received a health check within 2 days after delivery of their most recent live birth in the last 2 years (%),numeric,AFR,Africa,Country,BFA,Burkina Faso,Year,2010,false,,,,,,,,,,,,,71.9,,,,,,71.9,,DHS 2010,EN,2019-05-16T23:00:00.000Z
UNICEF_PNCMOTHER,Women age 15-49 years who received a health check within 2 days after delivery of their most recent live birth in the last 2 years (%),numeric,EUR,Europe,Country,ARM,Armenia,Year,2010,false,,,,,,,,,,,,,92.03,,,,,,92.03,,DHS 2010,EN,2019-05-16T23:00:00.000Z
UNICEF_PNCMOTHER,Women age 15-49 years who received a health check within 2 days after delivery of their most recent live birth in the last 2 years (%),numeric,SEAR,South-East Asia,Country,TLS,Timor-Leste,Year,2009-2010,true,,,,,,,,,,,,,24.21,,,,,,24.21,,DHS 2009-2010,EN,2019-05-16T23:00:00.000Z
