IndicatorCode,Indicator,ValueType,ParentLocationCode,ParentLocation,Location type,SpatialDimValueCode,Location,Period type,Period,IsLatestYear,Dim1 type,Dim1,Dim1ValueCode,Dim2 type,Dim2,Dim2ValueCode,Dim3 type,Dim3,Dim3ValueCode,DataSourceDimValueCode,DataSource,FactValueNumericPrefix,FactValueNumeric,FactValueUoM,FactValueNumericLowPrefix,FactValueNumericLow,FactValueNumericHighPrefix,FactValueNumericHigh,Value,FactValueTranslationID,FactComments,Language,DateModified
NUTRITION_2005,Proportion of children aged 6-23 months who receive a minimum acceptable diet,numeric,AFR,Africa,Country,BDI,Burundi,Year,2016-2017,true,,,,,,,,,,,,,10.2,,,,,,10.2,,DHS 2016-17,EN,2019-05-16T23:00:00.000Z
NUTRITION_2005,Proportion of children aged 6-23 months who receive a minimum acceptable diet,numeric,AFR,Africa,Country,NGA,Nigeria,Year,2016-2017,true,,,,,,,,,,,,,15.5,,,,,,15.5,,MICS 2016-17,EN,2019-05-16T23:00:00.000Z
NUTRITION_2005,Proportion of children aged 6-23 months who receive a minimum acceptable diet,numeric,SEAR,South-East Asia,Country,NPL,Nepal,Year,2016-2017,true,,,,,,,,,,,,,35.8,,,,,,35.8,,DHS 2016-17,EN,2019-05-16T23:00:00.000Z
NUTRITION_2005,Proportion of children aged 6-23 months who receive a minimum acceptable diet,numeric,SEAR,South-East Asia,Country,TLS,Timor-Leste,Year,2016,true,,,,,,,,,,,,,13.3,,,,,,13.3,,DHS 2016,EN,2019-05-16T23:00:00.000Z
NUTRITION_2005,Proportion of children aged 6-23 months who receive a minimum acceptable diet,numeric,AFR,Africa,Country,UGA,Uganda,Year,2016,true,,,,,,,,,,,,,14.6,,,,,,14.6,,DHS 2016,EN,2019-05-16T23:00:00.000Z
NUTRITION_2005,Proportion of children aged 6-23 months who receive a minimum acceptable diet,numeric,AMR,Americas,Country,PRY,Paraguay,Year,2016,true,,,,,,,,,,,,,39.7,,,,,,39.7,,MICS 2016,EN,2019-05-16T23:00:00.000Z
NUTRITION_2005,Proportion of children aged 6-23 months who receive a minimum acceptable diet,numeric,AFR,Africa,Country,SEN,Senegal,Year,2016,true,,,,,,,,,,,,,6.6,,,,,,6.6,,DHS 2016,EN,2019-05-16T23:00:00.000Z
NUTRITION_2005,Proportion of children aged 6-23 months who receive a minimum acceptable diet,numeric,AFR,Africa,Country,ETH,Ethiopia,Year,2016,true,,,,,,,,,,,,,7.3,,,,,,7.3,,DHS 2016,EN,2019-05-16T23:00:00.000Z
NUTRITION_2005,Proportion of children aged 6-23 months who receive a minimum acceptable diet,numeric,AFR,Africa,Country,AGO,Angola,Year,2015-2016,true,,,,,,,,,,,,,13.3,,,,,,13.3,,DHS 2015-16,EN,2019-05-16T23:00:00.000Z
NUTRITION_2005,Proportion of children aged 6-23 months who receive a minimum acceptable diet,numeric,EMR,Eastern Mediterranean,Country,AFG,Afghanistan,Year,2015-2016,true,,,,,,,,,,,,,15.5,,,,,,15.5,,DHS 2015-16,EN,2019-05-16T23:00:00.000Z
NUTRITION_2005,Proportion of children aged 6-23 months who receive a minimum acceptable diet,numeric,SEAR,South-East Asia,Country,MMR,Myanmar,Year,2015-2016,true,,,,,,,,,,,,,15.9,,,,,,15.9,,DHS 2015-16,EN,2019-05-16T23:00:00.000Z
NUTRITION_2005,Proportion of children aged 6-23 months who receive a minimum acceptable diet,numeric,EUR,Europe,Country,ARM,Armenia,Year,2015-2016,true,,,,,,,,,,,,,24.5,,,,,,24.5,,DHS 2015-16,EN,2019-05-16T23:00:00.000Z
NUTRITION_2005,Proportion of children aged 6-23 months who receive a minimum acceptable diet,numeric,EUR,Europe,Country,TKM,Turkmenistan,Year,2015-2016,true,,,,,,,,,,,,,77.2,,,,,,77.2,,MICS 2015-16,EN,2019-05-16T23:00:00.000Z
NUTRITION_2005,Proportion of children aged 6-23 months who receive a minimum acceptable diet,numeric,AFR,Africa,Country,MWI,Malawi,Year,2015-2016,true,,,,,,,,,,,,,8.1,,,,,,8.1,,DHS 2015-16,EN,2019-05-16T23:00:00.000Z
NUTRITION_2005,Proportion of children aged 6-23 months who receive a minimum acceptable diet,numeric,AFR,Africa,Country,TZA,United Republic of Tanzania,Year,2015-2016,true,,,,,,,,,,,,,8.7,,,,,,8.7,,DHS 2015-16,EN,2019-05-16T23:00:00.000Z
NUTRITION_2005,Proportion of children aged 6-23 months who receive a minimum acceptable diet,numeric,SEAR,South-East Asia,Country,IND,India,Year,2015-2016,true,,,,,,,,,,,,,9.6,,,,,,9.6,,DHS 2015-16,EN,2019-05-16T23:00:00.000Z
NUTRITION_2005,Proportion of children aged 6-23 months who receive a minimum acceptable diet,numeric,AFR,Africa,Country,SEN,Senegal,Year,2015,false,,,,,,,,,,,,,10.2,,,,,,10.2,,DHS 2015,EN,2019-05-16T23:00:00.000Z
NUTRITION_2005,Proportion of children aged 6-23 months who receive a minimum acceptable diet,numeric,AFR,Africa,Country,MRT,Mauritania,Year,2015,true,,,,,,,,,,,,,14.3,,,,,,14.3,,MICS 2015,EN,2019-05-16T23:00:00.000Z
NUTRITION_2005,Proportion of children aged 6-23 months who receive a minimum acceptable diet,numeric,AFR,Africa,Country,MLI,Mali,Year,2015,true,,,,,,,,,,,,,3.4,,,,,,3.4,,MICS 2015,EN,2019-05-16T23:00:00.000Z
NUTRITION_2005,Proportion of children aged 6-23 months who receive a minimum acceptable diet,numeric,EUR,Europe,Country,KAZ,Kazakhstan,Year,2015,true,,,,,,,,,,,,,37.9,,,,,,37.9,,MICS 2015,EN,2019-05-16T23:00:00.000Z
NUTRITION_2005,Proportion of children aged 6-23 months who receive a minimum acceptable diet,numeric,AMR,Americas,Country,MEX,Mexico,Year,2015,true,,,,,,,,,,,,,48.4,,,,,,48.4,,MICS 2015,EN,2019-05-16T23:00:00.000Z
NUTRITION_2005,Proportion of children aged 6-23 months who receive a minimum acceptable diet,numeric,AFR,Africa,Country,ZWE,Zimbabwe,Year,2015,true,,,,,,,,,,,,,8.1,,,,,,8.1,,DHS 2015,EN,2019-05-16T23:00:00.000Z
NUTRITION_2005,Proportion of children aged 6-23 months who receive a minimum acceptable diet,numeric,AFR,Africa,Country,RWA,Rwanda,Year,2014-2015,true,,,,,,,,,,,,,18.1,,,,,,18.1,,DHS 2014-15,EN,2019-05-16T23:00:00.000Z
NUTRITION_2005,Proportion of children aged 6-23 months who receive a minimum acceptable diet,numeric,AFR,Africa,Country,TCD,Chad,Year,2014-2015,true,,,,,,,,,,,,,5.7,,,,,,5.7,,DHS 2014-15,EN,2019-05-16T23:00:00.000Z
NUTRITION_2005,Proportion of children aged 6-23 months who receive a minimum acceptable diet,numeric,AMR,Americas,Country,GTM,Guatemala,Year,2014-2015,true,,,,,,,,,,,,,52.1,,,,,,52.1,,DHS 2014-15,EN,2019-05-16T23:00:00.000Z
NUTRITION_2005,Proportion of children aged 6-23 months who receive a minimum acceptable diet,numeric,AFR,Africa,Country,LSO,Lesotho,Year,2014,true,,,,,,,,,,,,,11.3,,,,,,11.3,,DHS 2014,EN,2019-05-16T23:00:00.000Z
NUTRITION_2005,Proportion of children aged 6-23 months who receive a minimum acceptable diet,numeric,AFR,Africa,Country,ZWE,Zimbabwe,Year,2014,false,,,,,,,,,,,,,13,,,,,,13,,MICS 2014,EN,2019-05-16T23:00:00.000Z
NUTRITION_2005,Proportion of children aged 6-23 months who receive a minimum acceptable diet,numeric,AFR,Africa,Country,GHA,Ghana,Year,2014,true,,,,,,,,,,,,,13.3,,,,,,13.3,,DHS 2014,EN,2019-05-16T23:00:00.000Z
NUTRITION_2005,Proportion of children aged 6-23 months who receive a minimum acceptable diet,numeric,AFR,Africa,Country,BEN,Benin,Year,2014,true,,,,,,,,,,,,,13.5,,,,,,13.5,,MICS 2014,EN,2019-05-16T23:00:00.000Z
NUTRITION_2005,Proportion of children aged 6-23 months who receive a minimum acceptable diet,numeric,EMR,Eastern Mediterranean,Country,SDN,Sudan,Year,2014,true,,,,,,,,,,,,,14.7,,,,,,14.7,,MICS 2014,EN,2019-05-16T23:00:00.000Z
NUTRITION_2005,Proportion of children aged 6-23 months who receive a minimum acceptable diet,numeric,AFR,Africa,Country,CMR,Cameroon,Year,2014,true,,,,,,,,,,,,,16.5,,,,,,16.5,,MICS 2014,EN,2019-05-16T23:00:00.000Z
NUTRITION_2005,Proportion of children aged 6-23 months who receive a minimum acceptable diet,numeric,SEAR,South-East Asia,Country,BGD,Bangladesh,Year,2014,true,,,,,,,,,,,,,22.8,,,,,,22.8,,DHS 2014,EN,2019-05-16T23:00:00.000Z
NUTRITION_2005,Proportion of children aged 6-23 months who receive a minimum acceptable diet,numeric,AFR,Africa,Country,STP,Sao Tome and Principe,Year,2014,true,,,,,,,,,,,,,23,,,,,,23,,MICS 2014,EN,2019-05-16T23:00:00.000Z
NUTRITION_2005,Proportion of children aged 6-23 months who receive a minimum acceptable diet,numeric,EMR,Eastern Mediterranean,Country,EGY,Egypt,Year,2014,true,,,,,,,,,,,,,23.3,,,,,,23.3,,DHS 2014,EN,2019-05-16T23:00:00.000Z
NUTRITION_2005,Proportion of children aged 6-23 months who receive a minimum acceptable diet,numeric,AMR,Americas,Country,GUY,Guyana,Year,2014,true,,,,,,,,,,,,,27.8,,,,,,27.8,,MICS 2014,EN,2019-05-16T23:00:00.000Z
NUTRITION_2005,Proportion of children aged 6-23 months who receive a minimum acceptable diet,numeric,WPR,Western Pacific,Country,KHM,Cambodia,Year,2014,true,,,,,,,,,,,,,30.4,,,,,,30.4,,DHS 2014,EN,2019-05-16T23:00:00.000Z
NUTRITION_2005,Proportion of children aged 6-23 months who receive a minimum acceptable diet,numeric,SEAR,South-East Asia,Country,NPL,Nepal,Year,2014,false,,,,,,,,,,,,,31.7,,,,,,31.7,,MICS 2014,EN,2019-05-16T23:00:00.000Z
NUTRITION_2005,Proportion of children aged 6-23 months who receive a minimum acceptable diet,numeric,EUR,Europe,Country,KGZ,Kyrgyzstan,Year,2014,true,,,,,,,,,,,,,33,,,,,,33,,MICS 2014,EN,2019-05-16T23:00:00.000Z
NUTRITION_2005,Proportion of children aged 6-23 months who receive a minimum acceptable diet,numeric,AFR,Africa,Country,SWZ,Eswatini,Year,2014,true,,,,,,,,,,,,,38.1,,,,,,38.1,,MICS 2014,EN,2019-05-16T23:00:00.000Z
NUTRITION_2005,Proportion of children aged 6-23 months who receive a minimum acceptable diet,numeric,AMR,Americas,Country,DOM,Dominican Republic,Year,2014,true,,,,,,,,,,,,,43,,,,,,43,,MICS 2014,EN,2019-05-16T23:00:00.000Z
NUTRITION_2005,Proportion of children aged 6-23 months who receive a minimum acceptable diet,numeric,AMR,Americas,Country,CUB,Cuba,Year,2014,true,,,,,,,,,,,,,56,,,,,,56,,MICS 2014,EN,2019-05-16T23:00:00.000Z
NUTRITION_2005,Proportion of children aged 6-23 months who receive a minimum acceptable diet,numeric,AMR,Americas,Country,SLV,El Salvador,Year,2014,true,,,,,,,,,,,,,64.5,,,,,,64.5,,MICS 2014,EN,2019-05-16T23:00:00.000Z
NUTRITION_2005,Proportion of children aged 6-23 months who receive a minimum acceptable diet,numeric,EUR,Europe,Country,SRB,Serbia,Year,2014,true,,,,,,,,,,,,,69.7,,,,,,69.7,,MICS 2014,EN,2019-05-16T23:00:00.000Z
NUTRITION_2005,Proportion of children aged 6-23 months who receive a minimum acceptable diet,numeric,AFR,Africa,Country,GNB,Guinea-Bissau,Year,2014,true,,,,,,,,,,,,,7.8,,,,,,7.8,,MICS 2014,EN,2019-05-16T23:00:00.000Z
NUTRITION_2005,Proportion of children aged 6-23 months who receive a minimum acceptable diet,numeric,AFR,Africa,Country,SEN,Senegal,Year,2014,false,,,,,,,,,,,,,8.8,,,,,,8.8,,DHS 2014,EN,2019-05-16T23:00:00.000Z
NUTRITION_2005,Proportion of children aged 6-23 months who receive a minimum acceptable diet,numeric,AFR,Africa,Country,ZMB,Zambia,Year,2013-2014,true,,,,,,,,,,,,,10.5,,,,,,10.5,,DHS 2013-14,EN,2019-05-16T23:00:00.000Z
NUTRITION_2005,Proportion of children aged 6-23 months who receive a minimum acceptable diet,numeric,AFR,Africa,Country,TGO,Togo,Year,2013-2014,true,,,,,,,,,,,,,12.1,,,,,,12.1,,DHS 2013-14,EN,2019-05-16T23:00:00.000Z
NUTRITION_2005,Proportion of children aged 6-23 months who receive a minimum acceptable diet,numeric,AFR,Africa,Country,MWI,Malawi,Year,2013-2014,false,,,,,,,,,,,,,14.3,,,,,,14.3,,MICS 2013-14,EN,2019-05-16T23:00:00.000Z
NUTRITION_2005,Proportion of children aged 6-23 months who receive a minimum acceptable diet,numeric,WPR,Western Pacific,Country,VNM,Viet Nam,Year,2013-2014,true,,,,,,,,,,,,,55.3,,,,,,55.3,,MICS 2013-14,EN,2019-05-16T23:00:00.000Z
NUTRITION_2005,Proportion of children aged 6-23 months who receive a minimum acceptable diet,numeric,AFR,Africa,Country,COD,Democratic Republic of the Congo,Year,2013-2014,true,,,,,,,,,,,,,8.4,,,,,,8.4,,DHS 2013-14,EN,2019-05-16T23:00:00.000Z
NUTRITION_2005,Proportion of children aged 6-23 months who receive a minimum acceptable diet,numeric,AFR,Africa,Country,NGA,Nigeria,Year,2013,false,,,,,,,,,,,,,10.2,,,,,,10.2,,DHS 2013,EN,2019-05-16T23:00:00.000Z
NUTRITION_2005,Proportion of children aged 6-23 months who receive a minimum acceptable diet,numeric,AFR,Africa,Country,NAM,Namibia,Year,2013,true,,,,,,,,,,,,,12.5,,,,,,12.5,,DHS 2013,EN,2019-05-16T23:00:00.000Z
NUTRITION_2005,Proportion of children aged 6-23 months who receive a minimum acceptable diet,numeric,EMR,Eastern Mediterranean,Country,YEM,Yemen,Year,2013,true,,,,,,,,,,,,,15.4,,,,,,15.4,,DHS 2013,EN,2019-05-16T23:00:00.000Z
NUTRITION_2005,Proportion of children aged 6-23 months who receive a minimum acceptable diet,numeric,WPR,Western Pacific,Country,MNG,Mongolia,Year,2013,true,,,,,,,,,,,,,32.6,,,,,,32.6,,MICS 2013,EN,2019-05-16T23:00:00.000Z
NUTRITION_2005,Proportion of children aged 6-23 months who receive a minimum acceptable diet,numeric,AMR,Americas,Country,DOM,Dominican Republic,Year,2013,false,,,,,,,,,,,,,38.4,,,,,,38.4,,DHS 2013,EN,2019-05-16T23:00:00.000Z
NUTRITION_2005,Proportion of children aged 6-23 months who receive a minimum acceptable diet,numeric,AFR,Africa,Country,LBR,Liberia,Year,2013,true,,,,,,,,,,,,,5.2,,,,,,5.2,,DHS 2013,EN,2019-05-16T23:00:00.000Z
NUTRITION_2005,Proportion of children aged 6-23 months who receive a minimum acceptable diet,numeric,EUR,Europe,Country,MNE,Montenegro,Year,2013,true,,,,,,,,,,,,,60.5,,,,,,60.5,,MICS 2013,EN,2019-05-16T23:00:00.000Z
NUTRITION_2005,Proportion of children aged 6-23 months who receive a minimum acceptable diet,numeric,AFR,Africa,Country,SLE,Sierra Leone,Year,2013,true,,,,,,,,,,,,,7,,,,,,7,,DHS 2013,EN,2019-05-16T23:00:00.000Z
NUTRITION_2005,Proportion of children aged 6-23 months who receive a minimum acceptable diet,numeric,AFR,Africa,Country,GMB,Gambia,Year,2013,true,,,,,,,,,,,,,8.3,,,,,,8.3,,DHS 2013,EN,2019-05-16T23:00:00.000Z
NUTRITION_2005,Proportion of children aged 6-23 months who receive a minimum acceptable diet,numeric,EMR,Eastern Mediterranean,Country,PAK,Pakistan,Year,2012-2013,true,,,,,,,,,,,,,14.8,,,,,,14.8,,DHS 2012-13,EN,2019-05-16T23:00:00.000Z
NUTRITION_2005,Proportion of children aged 6-23 months who receive a minimum acceptable diet,numeric,AFR,Africa,Country,SEN,Senegal,Year,2012-2013,false,,,,,,,,,,,,,9.6,,,,,,9.6,,DHS 2012-13,EN,2019-05-16T23:00:00.000Z
NUTRITION_2005,Proportion of children aged 6-23 months who receive a minimum acceptable diet,numeric,AMR,Americas,Country,HTI,Haiti,Year,2012,true,,,,,,,,,,,,,13.6,,,,,,13.6,,DHS 2012,EN,2019-05-16T23:00:00.000Z
NUTRITION_2005,Proportion of children aged 6-23 months who receive a minimum acceptable diet,numeric,EUR,Europe,Country,KGZ,Kyrgyzstan,Year,2012,false,,,,,,,,,,,,,16.2,,,,,,16.2,,DHS 2012,EN,2019-05-16T23:00:00.000Z
NUTRITION_2005,Proportion of children aged 6-23 months who receive a minimum acceptable diet,numeric,EUR,Europe,Country,TJK,Tajikistan,Year,2012,true,,,,,,,,,,,,,19.6,,,,,,19.6,,DHS 2012,EN,2019-05-16T23:00:00.000Z
NUTRITION_2005,Proportion of children aged 6-23 months who receive a minimum acceptable diet,numeric,AFR,Africa,Country,GIN,Guinea,Year,2012,true,,,,,,,,,,,,,3.7,,,,,,3.7,,DHS 2012,EN,2019-05-16T23:00:00.000Z
NUTRITION_2005,Proportion of children aged 6-23 months who receive a minimum acceptable diet,numeric,EMR,Eastern Mediterranean,Country,JOR,Jordan,Year,2012,true,,,,,,,,,,,,,33.3,,,,,,33.3,,DHS 2012,EN,2019-05-16T23:00:00.000Z
NUTRITION_2005,Proportion of children aged 6-23 months who receive a minimum acceptable diet,numeric,SEAR,South-East Asia,Country,IDN,Indonesia,Year,2012,true,,,,,,,,,,,,,36.6,,,,,,36.6,,DHS 2012,EN,2019-05-16T23:00:00.000Z
NUTRITION_2005,Proportion of children aged 6-23 months who receive a minimum acceptable diet,numeric,AFR,Africa,Country,NER,Niger,Year,2012,true,,,,,,,,,,,,,5.6,,,,,,5.6,,DHS 2012,EN,2019-05-16T23:00:00.000Z
NUTRITION_2005,Proportion of children aged 6-23 months who receive a minimum acceptable diet,numeric,AFR,Africa,Country,COM,Comoros,Year,2012,true,,,,,,,,,,,,,5.9,,,,,,5.9,,DHS 2012,EN,2019-05-16T23:00:00.000Z
NUTRITION_2005,Proportion of children aged 6-23 months who receive a minimum acceptable diet,numeric,AFR,Africa,Country,BEN,Benin,Year,2011-2012,false,,,,,,,,,,,,,15.8,,,,,,15.8,,DHS 2011-12,EN,2019-05-16T23:00:00.000Z
NUTRITION_2005,Proportion of children aged 6-23 months who receive a minimum acceptable diet,numeric,AFR,Africa,Country,CIV,Côte d’Ivoire,Year,2011-2012,true,,,,,,,,,,,,,4.6,,,,,,4.6,,DHS 2011-12,EN,2019-05-16T23:00:00.000Z
NUTRITION_2005,Proportion of children aged 6-23 months who receive a minimum acceptable diet,numeric,AMR,Americas,Country,HND,Honduras,Year,2011-2012,true,,,,,,,,,,,,,54.8,,,,,,54.8,,DHS 2011-12,EN,2019-05-16T23:00:00.000Z
NUTRITION_2005,Proportion of children aged 6-23 months who receive a minimum acceptable diet,numeric,AFR,Africa,Country,MOZ,Mozambique,Year,2011,true,,,,,,,,,,,,,13.3,,,,,,13.3,,DHS 2011,EN,2019-05-16T23:00:00.000Z
NUTRITION_2005,Proportion of children aged 6-23 months who receive a minimum acceptable diet,numeric,SEAR,South-East Asia,Country,BGD,Bangladesh,Year,2011,false,,,,,,,,,,,,,20.9,,,,,,20.9,,DHS 2011,EN,2019-05-16T23:00:00.000Z
NUTRITION_2005,Proportion of children aged 6-23 months who receive a minimum acceptable diet,numeric,AFR,Africa,Country,GHA,Ghana,Year,2011,false,,,,,,,,,,,,,24.3,,,,,,24.3,,MICS 2011,EN,2019-05-16T23:00:00.000Z
NUTRITION_2005,Proportion of children aged 6-23 months who receive a minimum acceptable diet,numeric,SEAR,South-East Asia,Country,NPL,Nepal,Year,2011,false,,,,,,,,,,,,,24.4,,,,,,24.4,,DHS 2011,EN,2019-05-16T23:00:00.000Z
NUTRITION_2005,Proportion of children aged 6-23 months who receive a minimum acceptable diet,numeric,AFR,Africa,Country,UGA,Uganda,Year,2011,false,,,,,,,,,,,,,9.4,,,,,,9.4,,DHS 2011,EN,2019-05-16T23:00:00.000Z
NUTRITION_2005,Proportion of children aged 6-23 months who receive a minimum acceptable diet,numeric,AFR,Africa,Country,SEN,Senegal,Year,2010-2011,false,,,,,,,,,,,,,10.1,,,,,,10.1,,MICS-DHS 2010-11,EN,2019-05-16T23:00:00.000Z
NUTRITION_2005,Proportion of children aged 6-23 months who receive a minimum acceptable diet,numeric,AFR,Africa,Country,ZWE,Zimbabwe,Year,2010-2011,false,,,,,,,,,,,,,10.9,,,,,,10.9,,DHS 2010-11,EN,2019-05-16T23:00:00.000Z
NUTRITION_2005,Proportion of children aged 6-23 months who receive a minimum acceptable diet,numeric,AFR,Africa,Country,RWA,Rwanda,Year,2010-2011,false,,,,,,,,,,,,,16.8,,,,,,16.8,,DHS 2010-11,EN,2019-05-16T23:00:00.000Z
NUTRITION_2005,Proportion of children aged 6-23 months who receive a minimum acceptable diet,numeric,WPR,Western Pacific,Country,KHM,Cambodia,Year,2010-2011,false,,,,,,,,,,,,,23.9,,,,,,23.9,,DHS 2010-11,EN,2019-05-16T23:00:00.000Z
NUTRITION_2005,Proportion of children aged 6-23 months who receive a minimum acceptable diet,numeric,AFR,Africa,Country,ETH,Ethiopia,Year,2010-2011,false,,,,,,,,,,,,,4.1,,,,,,4.1,,DHS 2010-11,EN,2019-05-16T23:00:00.000Z
NUTRITION_2005,Proportion of children aged 6-23 months who receive a minimum acceptable diet,numeric,AFR,Africa,Country,BDI,Burundi,Year,2010-2011,false,,,,,,,,,,,,,8.8,,,,,,8.8,,DHS 2010-11,EN,2019-05-16T23:00:00.000Z
NUTRITION_2005,Proportion of children aged 6-23 months who receive a minimum acceptable diet,numeric,AFR,Africa,Country,CAF,Central African Republic,Year,2010-2011,true,,,,,,,,,,,,,8.8,,,,,,8.8,,MICS 2010-11,EN,2019-05-16T23:00:00.000Z
NUTRITION_2005,Proportion of children aged 6-23 months who receive a minimum acceptable diet,numeric,AFR,Africa,Country,MWI,Malawi,Year,2010,false,,,,,,,,,,,,,18.5,,,,,,18.5,,DHS 2010,EN,2019-05-16T23:00:00.000Z
NUTRITION_2005,Proportion of children aged 6-23 months who receive a minimum acceptable diet,numeric,AFR,Africa,Country,BFA,Burkina Faso,Year,2010,true,,,,,,,,,,,,,3.1,,,,,,3.1,,DHS 2010,EN,2019-05-16T23:00:00.000Z
NUTRITION_2005,Proportion of children aged 6-23 months who receive a minimum acceptable diet,numeric,EUR,Europe,Country,ARM,Armenia,Year,2010,false,,,,,,,,,,,,,31.7,,,,,,31.7,,DHS 2010,EN,2019-05-16T23:00:00.000Z
NUTRITION_2005,Proportion of children aged 6-23 months who receive a minimum acceptable diet,numeric,AFR,Africa,Country,MLI,Mali,Year,2009-2010,false,,,,,,,,,,,,,11.3,,,,,,11.3,,MICS 2009-10,EN,2019-05-16T23:00:00.000Z
NUTRITION_2005,Proportion of children aged 6-23 months who receive a minimum acceptable diet,numeric,AFR,Africa,Country,LSO,Lesotho,Year,2009,false,,,,,,,,,,,,,8,,,,,,8,,DHS 2009,EN,2019-05-16T23:00:00.000Z
