Number,Variable,csv_file,Source
1,neonatal mortality rate,owid_neonatal_mortality_percentage_0_28_days,World Development Indicators - World Bank (2022) via Our World in Data. Data available for download from https://datacatalog.worldbank.org/search/dataset/0037712/World-Development-Indicators Accessed via Our World in Data at https://ourworldindata.org/grapher/neonatal-mortality-rate-sdgs on 2023-02-06
2,"deaths per 100,000 access to handwashing facilities",owid_death_rate_per_100_000_no_access_handwashing.csv,Institute for Health Metrics and Evaluation (2019) Global Burden of Disease. Data available for download from http://ghdx.healthdata.org/gbd-results-tool  Accessed via Our World in Data at https://ourworldindata.org/hygiene#lack-of-access-to-handwashing-facilities-is-a-large-risk-factor-for-death on 2023-02-06 
3,"deaths per 100,000  from unsafe water",owid_death_rate_per_100_000_unsafe_water.csv,Institute for Health Metrics and Evaluation (2021) Global Burden of Disease Collaborative Network. Global Burden of Disease Study 2019 (GBD 2019) Results. Available for download from http://ghdx.healthdata.org/gbd-results-tool Accessed via Our World In Data at https://ourworldindata.org/water-access#the-global-distribution-of-deaths-from-unsafe-water on 2023-02-06 
4,poverty level 1,owid_poverty_explorer_share_below_usd2_15_day.csv,World Bank Poverty and Inequality Platform (2022) via Our World in Data. Data available for download from https://pip.worldbank.org/ Accessed via Our World In Data at https://ourworldindata.org/explorers/poverty-explorer on 2023-02-06
5,poverty level 2,proportion_of_population_below_international_poverty_line_usd1_90_per_day.csv,World Health Organisation (2021) Global Health Observatory data repository. Data available for download from  http://www.who.int/gho/en/. Accessed at on 2023-02-06
6,share of population undernourished,owid_share_population_undernourished.csv,World Development Indicators - World Bank (2022) via Our World in Data. Data available for download from https://datacatalog.worldbank.org/search/dataset/0037712/World-Development-Indicators  Accessed via Our World in Data at https://ourworldindata.org/hunger-and-undernourishment#undernourishment-by-world-region on 2023-02-06
7,"deaths per 100,000 due to unsafe sanitation",owid_death_rate_per_100_000_unsafe_sanitation.csv,Institute for Health Metrics and Evaluation (2021) Global Burden of Disease Collaborative Network. Global Burden of Disease Study 2019 (GBD 2019) Results. Available for download from http://ghdx.healthdata.org/gbd-results-tool Accessed via Our World In Data at https://ourworldindata.org/sanitation#unsafe-sanitation-is-a-leading-risk-factor-for-death on 2023-02-06 
8,"deaths per 100,000 due to malnutrition",owid_deaths_per_100_000_from_malnutrition.csv,Institute for Health Metrics and Evaluation (2019) Global Burden of Disease. Data available for download from http://ghdx.healthdata.org/gbd-results-tool  Accessed via Our World in Data at https://ourworldindata.org/grapher/malnutrition-death-rates on 2023-02-06 
9,breastfeeding rate,infants_exclusively_breastfed_first_6mths_percent.csv,World Health Organisation (2021) Global Health Observatory data repository. Data available for download from  http://www.who.int/gho/en/. Accessed at on 2023-02-06
10,low birth weight prevalence,low_birth_weight_prevalence_percent.csv,World Health Organisation (2021) Global Health Observatory data repository. Data available for download from  http://www.who.int/gho/en/. Accessed at on 2023-02-06
11,proportion living in rural area,worldbank_proportion_population_rural.csv,"United Nations, Department of Economic and Social Affairs, Population Division (2018) World Urbanization Prospects: The 2018 Revision via World Bank Data. Available from https://data.worldbank.org/indicator/SP.RUR.TOTL.ZS Accessed via World Bank Data on 2023-02-06"
12,proportion children receiving minimum acceptable diet,proportion_children_6_23_months_receive_acceptable_minimum_diet.csv,World Health Organisation (2021) Global Health Observatory data repository. Data available for download from  http://www.who.int/gho/en/. Accessed at on 2023-02-06
13,proportion of births attended by skilled health personnel,births_attended_skilled_health_personnel.csv,World Health Organisation (2021) Global Health Observatory data repository. Data available for download from  http://www.who.int/gho/en/. Accessed at on 2023-02-06
14,"nurses and midwives per 10,000",nurses_and_midwifery_personnel_per_10_000.csv,World Health Organisation (2021) Global Health Observatory data repository. Data available for download from  http://www.who.int/gho/en/. Accessed at on 2023-02-06
15,healthcare spend as percentage of GDP,worldbank_healthcare_spend_percent_gdp.csv,World Health Organization Global Health Expenditure database (2022) (apps.who.int/nha/database) via World Bank Data. Data available for download from  https://data.worldbank.org/indicator/SH.XPD.CHEX.GD.ZS Accessed via World Bank Data on 2023-02-06
16,proportion new mothers with healthcare check within two days of delivery,health_check_within_two_days_delivery_percent.csv,World Health Organisation (2021) Global Health Observatory data repository. Data available for download from  http://www.who.int/gho/en/. Accessed at on 2023-02-06
17,"hospitals per 100,000 dataset",density_per_100_000_all_hospitals.csv,World Health Organisation (2021) Global Health Observatory data repository. Data available for download from  http://www.who.int/gho/en/. Accessed at on 2023-02-07
18,"provincial hospitals per 100,000",density_per_100_000_provincial_hospitals.csv,World Health Organisation (2021) Global Health Observatory data repository. Data available for download from  http://www.who.int/gho/en/. Accessed at on 2023-02-07
19,"specialised hospitals per 100,000",density_per_100_000_specialised_hospitals.csv,World Health Organisation (2021) Global Health Observatory data repository. Data available for download from  http://www.who.int/gho/en/. Accessed at on 2023-02-07
20,"health centres per 100,000",density_per_100_000_health_centres.csv,World Health Organisation (2021) Global Health Observatory data repository. Data available for download from  http://www.who.int/gho/en/. Accessed at on 2023-02-07
21,"medical doctors per 10,000",medical_doctors_per_10000.csv,World Health Organisation (2021) Global Health Observatory data repository. Data available for download from  http://www.who.int/gho/en/. Accessed at on 2023-02-07
22,"hospital beds per 10,000",hospital_beds_per_10_000.csv,World Health Organisation (2021) Global Health Observatory data repository. Data available for download from  http://www.who.int/gho/en/. Accessed at https://www.who.int/data/gho/data/indicators/indicator-details/GHO/hospital-beds-(per-10-000-population) on 2023-02-07
23,proportion of neonates protected at birth with tetanus vaccine,neonates_protected_at_birth_v_tetanus_percent.csv,World Health Organisation (2021) Global Health Observatory data repository. Data available for download from  http://www.who.int/gho/en/. Accessed at on 2023-02-07
24,proportion of 1yr olds immunised for dtp vaccine,dtp3_immunization_coverage_1yr_olds_percent.csv,World Health Organisation (2021) Global Health Observatory data repository. Data available for download from  http://www.who.int/gho/en/. Accessed at on 2023-02-07
25,proportion of 1yr olds immunised for polio vaccine,polio_immunisation_coverage_1yr_olds_percent.csv,World Health Organisation (2021) Global Health Observatory data repository. Data available for download from  http://www.who.int/gho/en/. Accessed at on 2023-02-07
26,proportion of 1yr olds immunised with hib3 vaccine,hib3_immunisation_coverage_1yr_olds_percent.csv,World Health Organisation (2021) Global Health Observatory data repository. Data available for download from  http://www.who.int/gho/en/. Accessed at on 2023-02-07
